{
  "val_accuracy": 0.49264705882352944,
  "test_accuracy": 0.5886524822695035,
  "val_classification_report": {
    "Clear": {
      "precision": 0.5405405405405406,
      "recall": 0.4166666666666667,
      "f1-score": 0.47058823529411764,
      "support": 48.0
    },
    "Mild": {
      "precision": 0.4772727272727273,
      "recall": 0.6774193548387096,
      "f1-score": 0.56,
      "support": 62.0
    },
    "Moderate": {
      "precision": 0.4,
      "recall": 0.11764705882352941,
      "f1-score": 0.18181818181818182,
      "support": 17.0
    },
    "Severe": {
      "precision": 0.5,
      "recall": 0.3333333333333333,
      "f1-score": 0.4,
      "support": 9.0
    },
    "accuracy": 0.49264705882352944,
    "macro avg": {
      "precision": 0.47945331695331694,
      "recall": 0.38626660341555974,
      "f1-score": 0.40310160427807495,
      "support": 136.0
    },
    "weighted avg": {
      "precision": 0.4914474635062871,
      "recall": 0.49264705882352944,
      "f1-score": 0.4705819440075496,
      "support": 136.0
    }
  },
  "test_classification_report": {
    "Clear": {
      "precision": 0.6382978723404256,
      "recall": 0.6122448979591837,
      "f1-score": 0.625,
      "support": 49.0
    },
    "Mild": {
      "precision": 0.5866666666666667,
      "recall": 0.6984126984126984,
      "f1-score": 0.6376811594202898,
      "support": 63.0
    },
    "Moderate": {
      "precision": 0.3333333333333333,
      "recall": 0.05555555555555555,
      "f1-score": 0.09523809523809523,
      "support": 18.0
    },
    "Severe": {
      "precision": 0.5,
      "recall": 0.7272727272727273,
      "f1-score": 0.5925925925925926,
      "support": 11.0
    },
    "accuracy": 0.5886524822695035,
    "macro avg": {
      "precision": 0.5145744680851063,
      "recall": 0.5233714698000412,
      "f1-score": 0.48762796181274437,
      "support": 141.0
    },
    "weighted avg": {
      "precision": 0.5655077712388713,
      "recall": 0.5886524822695035,
      "f1-score": 0.560508633165124,
      "support": 141.0
    }
  },
  "val_confusion_matrix": [
    [
      20,
      28,
      0,
      0
    ],
    [
      17,
      42,
      2,
      1
    ],
    [
      0,
      13,
      2,
      2
    ],
    [
      0,
      5,
      1,
      3
    ]
  ],
  "test_confusion_matrix": [
    [
      30,
      19,
      0,
      0
    ],
    [
      16,
      44,
      2,
      1
    ],
    [
      1,
      9,
      1,
      7
    ],
    [
      0,
      3,
      0,
      8
    ]
  ],
  "label_names": {
    "0": "Clear",
    "1": "Mild",
    "2": "Moderate",
    "3": "Severe"
  },
  "n_train": 1100,
  "n_val": 136,
  "n_test": 141
}